[
  {
    "name": "theme_info",
    "theme_name": "Venture",
    "theme_author": "Shopify",
    "theme_version": "11.0.6",
    "theme_documentation_url": "https://help.shopify.com/manual/using-themes/themes-by-shopify/venture",
    "theme_support_url": "https://support.shopify.com/"
  },
  {
    "name": {
      "da": "Farver",
      "de": "Farben",
      "en": "Colors",
      "es": "Colores",
      "fi": "Värit",
      "fr": "Couleurs",
      "hi": "रंग",
      "it": "Colori",
      "ja": "色",
      "ko": "색상",
      "nb": "Farger",
      "nl": "Kleuren",
      "pt-BR": "Cores",
      "pt-PT": "Cores",
      "sv": "Färger",
      "th": "สี",
      "zh-CN": "颜色",
      "zh-TW": "色彩"
    },
    "settings": [
      {
        "type": "header",
        "content": {
          "da": "Overskrift",
          "de": "Header",
          "en": "Header",
          "es": "Encabezado",
          "fi": "Ylätunniste",
          "fr": "En-tête",
          "hi": "हैडर",
          "it": "Header",
          "ja": "ヘッダー",
          "ko": "머리글",
          "nb": "Header",
          "nl": "Koptekst",
          "pt-BR": "Cabeçalho",
          "pt-PT": "Cabeçalho",
          "sv": "Rubrik",
          "th": "ส่วนหัว",
          "zh-CN": "标头",
          "zh-TW": "標頭"
        }
      },
      {
        "type": "color",
        "id": "color_header_bg",
        "label": {
          "da": "Baggrund",
          "de": "Hintergrund",
          "en": "Background",
          "es": "Fondo",
          "fi": "Tausta",
          "fr": "Arrière-plan",
          "hi": "पृष्ठभूमि",
          "it": "Sfondo",
          "ja": "背景",
          "ko": "배경",
          "nb": "Bakgrunn",
          "nl": "Achtergrond",
          "pt-BR": "Plano de fundo",
          "pt-PT": "Fundo",
          "sv": "Bakgrund",
          "th": "พื้นหลัง",
          "zh-CN": "背景",
          "zh-TW": "背景"
        },
        "default": "#000"
      },
      {
        "type": "color",
        "id": "color_header_links",
        "label": {
          "da": "Links",
          "de": "Links",
          "en": "Links",
          "es": "Enlaces",
          "fi": "Linkit",
          "fr": "Liens",
          "hi": "लिंक",
          "it": "Links",
          "ja": "リンク",
          "ko": "링크",
          "nb": "Koblinger",
          "nl": "Links",
          "pt-BR": "Links",
          "pt-PT": "Ligações",
          "sv": "Länkar",
          "th": "ลิงก์",
          "zh-CN": "链接",
          "zh-TW": "連結"
        },
        "default": "#fff"
      },
      {
        "type": "header",
        "content": {
          "da": "Side",
          "de": "Seite",
          "en": "Page",
          "es": "Página",
          "fi": "Sivu",
          "fr": "Page",
          "hi": "पेज",
          "it": "Pagina",
          "ja": "ページ",
          "ko": "페이지",
          "nb": "Side",
          "nl": "Pagina",
          "pt-BR": "Página",
          "pt-PT": "Página",
          "sv": "Sida",
          "th": "หน้า",
          "zh-CN": "页面",
          "zh-TW": "頁面"
        }
      },
      {
        "type": "color",
        "id": "color_body_bg",
        "label": {
          "da": "Baggrund for side",
          "de": "Seitenhintergrund",
          "en": "Page background",
          "es": "Fondo de la página",
          "fi": "Tausta",
          "fr": "Fond de page",
          "hi": "पेज की पृष्ठभूमि",
          "it": "Sfondo pagina",
          "ja": "ページ背景",
          "ko": "페이지 배경",
          "nb": "Bakgrunn for side",
          "nl": "Achtergrond pagina",
          "pt-BR": "Fundo da página",
          "pt-PT": "Fundo da página",
          "sv": "Sidans bakgrund",
          "th": "พื้นหลังของหน้า",
          "zh-CN": "页面背景",
          "zh-TW": "頁面背景"
        },
        "default": "#fff"
      },
      {
        "type": "color",
        "id": "color_content_bg",
        "label": {
          "da": "Baggrund for indhold",
          "de": "Inhaltshintergrund",
          "en": "Content background",
          "es": "Fondo de contenido",
          "fi": "Sisällön tausta",
          "fr": "Arrière-plan du contenu",
          "hi": "सामग्री की पृष्ठभूमि",
          "it": "Sfondo contenuto",
          "ja": "コンテンツ背景",
          "ko": "콘텐츠 배경",
          "nb": "Bakgrunn for innhold",
          "nl": "Content achtergrond",
          "pt-BR": "Plano de fundo do conteúdo",
          "pt-PT": "Fundo do conteúdo",
          "sv": "Innehållsbakgrund",
          "th": "พื้นหลังของเนื้อหา",
          "zh-CN": "内容背景",
          "zh-TW": "內容背景"
        },
        "default": "#fff"
      },
      {
        "type": "color",
        "id": "color_body_headings",
        "label": {
          "da": "Overskriftstekst",
          "de": "Überschriftentext",
          "en": "Heading text",
          "es": "Texto del encabezado",
          "fi": "Otsikkoteksti",
          "fr": "Texte du titre",
          "hi": "शीर्षक का टेक्स्ट",
          "it": "Testo del titolo",
          "ja": "見出しテキスト",
          "ko": "제목 텍스트",
          "nb": "Overskriftstekst",
          "nl": "Koptekst",
          "pt-BR": "Texto do título",
          "pt-PT": "Texto do título",
          "sv": "Rubriktext",
          "th": "ข้อความส่วนหัว",
          "zh-CN": "标题文本",
          "zh-TW": "標題文字"
        },
        "default": "#1a1a1a"
      },
      {
        "type": "color",
        "id": "color_body_text",
        "label": {
          "da": "Brødtekst",
          "de": "Fließtext",
          "en": "Body text",
          "es": "Texto del cuerpo",
          "fi": "Leipäteksti",
          "fr": "Corps du texte",
          "hi": "मुख्य भाग",
          "it": "Corpo del testo",
          "ja": "本文",
          "ko": "본문 텍스트",
          "nb": "Brødtekst",
          "nl": "Hoofdtekst",
          "pt-BR": "Corpo do texto",
          "pt-PT": "Corpo de texto",
          "sv": "Brödtext",
          "th": "ข้อความเนื้อหา",
          "zh-CN": "正文文本",
          "zh-TW": "內文"
        },
        "info": {
          "da": "Denne tekst skal tydelig kunne ses mod sidens og indholdets baggrundsfarver",
          "de": "Dieser Text sollte sich deutlich von den Farben der Seiten- und Inhaltshintergründe abheben.",
          "en": "This text should be clearly visible against page and content backgrounds colors",
          "es": "Este texto se debe ver claramente sobre los colores de fondo de la página y el contenido.",
          "fi": "Tämän tekstin tulee näkyä selvästi sivun ja sisällön taustojen värejä vasten",
          "fr": "Ce texte doit être clairement visible par rapport aux couleurs des fonds de page et de contenu",
          "hi": "यह टेक्स्ट पेज और सामग्री पृष्ठभूमि रंगों के सामने स्पष्ट रूप से दिखाई देना चाहिए",
          "it": "Questo testo dovrebbe essere chiaramente visibile rispetto ai colori di sfondo della pagina e del contenuto",
          "ja": "このテキストは、ページとコンテンツの背景色に対し、はっきりと見やすいものにしてください。",
          "ko": "이 텍스트는 페이지 및 콘텐츠 배경색에 대해 명확하게 표시되어야합니다.",
          "nb": "Denne teksten skal være godt synlig mot bakgrunnsfargene for siden og innholdet",
          "nl": "Deze tekst moet duidelijk zichtbaar zijn tegen kleuren van pagina's en contentsachtergronden",
          "pt-BR": "Este texto deve ser claramente visível contra cores de planos de fundo de página e conteúdo",
          "pt-PT": "Este texto deverá ser claramente visível sobre as cores de fundo da página e dos conteúdos",
          "sv": "Denna text ska vara tydligt synlig mot bakgrunds- och innehållsfärger",
          "th": "ข้อความนี้ควรจะปรากฏให้เห็นชัดเจนเมื่อแสดงคู่กับสีพื้นหลังของหน้าและพื้นหลังของเนื้อหา",
          "zh-CN": "此文本在页面和内容背景色的衬托下应清晰可见",
          "zh-TW": "此段文字在頁面和內容背景顏色套用後應清晰可見"
        },
        "default": "#666"
      },
      {
        "type": "color",
        "id": "color_button_bg",
        "label": {
          "da": "Knapper, links og reklamebjælke",
          "de": "Schaltflächen, Links und Aktionsleiste",
          "en": "Buttons, links, and promotion bar",
          "es": "Botones, enlaces y barra de promoción",
          "fi": "Painikkeet, linkit ja mainostuspalkki",
          "fr": "Boutons, liens et barre de promotion",
          "hi": "बटन, लिंक, और प्रमोशन बार",
          "it": "Pulsanti, link e barra promozionale",
          "ja": "ボタン、リンク、プロモーションバー",
          "ko": "버튼, 링크 및 프로모션 바",
          "nb": "Knapper, koblinger og kampanjelinje",
          "nl": "Knoppen, links en promotiebalk",
          "pt-BR": "Botões, links e barra de promoção",
          "pt-PT": "Botões, ligações e barra de promoção",
          "sv": "Knappar, länkar och kampanjfältet",
          "th": "ปุ่ม ลิงก์ และแถบโปรโมชัน",
          "zh-CN": "按钮、链接和促销栏",
          "zh-TW": "按鈕、連結與宣傳活動列"
        },
        "default": "#006eff"
      },
      {
        "type": "color",
        "id": "color_button_text",
        "label": {
          "da": "Knaptekst",
          "de": "Schaltflächentext",
          "en": "Button text",
          "es": "Botón de texto",
          "fi": "Painikkeen teksti",
          "fr": "Texte du bouton",
          "hi": "बटन टेक्स्ट",
          "it": "Testo pulsante",
          "ja": "ボタンテキスト",
          "ko": "버튼 텍스트",
          "nb": "Knapptekst",
          "nl": "Knoptekst",
          "pt-BR": "Texto do botão",
          "pt-PT": "Texto do botão",
          "sv": "Knapptext",
          "th": "ข้อความปุ่ม",
          "zh-CN": "按钮文字",
          "zh-TW": "按鈕文字"
        },
        "default": "#fff"
      },
      {
        "type": "header",
        "content": {
          "da": "Sidefod",
          "de": "Fußzeile",
          "en": "Footer",
          "es": "Pie de página",
          "fi": "Alatunniste",
          "fr": "Bas de page",
          "hi": "फुटर",
          "it": "Footer",
          "ja": "フッター",
          "ko": "바닥글",
          "nb": "Footer",
          "nl": "Voettekst",
          "pt-BR": "Rodapé",
          "pt-PT": "Rodapé",
          "sv": "Sidfot",
          "th": "ส่วนท้าย",
          "zh-CN": "页脚",
          "zh-TW": "頁尾"
        }
      },
      {
        "type": "color",
        "id": "color_footer_bg",
        "label": {
          "da": "Baggrund",
          "de": "Hintergrund",
          "en": "Background",
          "es": "Fondo",
          "fi": "Tausta",
          "fr": "Arrière-plan",
          "hi": "पृष्ठभूमि",
          "it": "Sfondo",
          "ja": "背景",
          "ko": "배경",
          "nb": "Bakgrunn",
          "nl": "Achtergrond",
          "pt-BR": "Plano de fundo",
          "pt-PT": "Fundo",
          "sv": "Bakgrund",
          "th": "พื้นหลัง",
          "zh-CN": "背景",
          "zh-TW": "背景"
        },
        "default": "#000"
      },
      {
        "type": "color",
        "id": "color_footer_text",
        "label": {
          "da": "Tekst",
          "de": "Text",
          "en": "Text",
          "es": "Texto",
          "fi": "Teksti",
          "fr": "Texte",
          "hi": "टेक्स्ट",
          "it": "Testo",
          "ja": "テキスト",
          "ko": "텍스트",
          "nb": "Tekst",
          "nl": "Tekst",
          "pt-BR": "Texto",
          "pt-PT": "Texto",
          "sv": "Text",
          "th": "ข้อความ",
          "zh-CN": "文本",
          "zh-TW": "文字"
        },
        "default": "#fff"
      },
      {
        "type": "header",
        "content": {
          "da": "Titler på diasshow",
          "de": "Slideshow-Titel",
          "en": "Slideshow titles",
          "es": "Títulos de presentación",
          "fi": "Diaesityksen otsikot",
          "fr": "Titres de diaporama",
          "hi": "स्लाइड शो के शीर्षक",
          "it": "Titoli presentazione",
          "ja": "スライドショーのタイトル",
          "ko": "슬라이드 쇼 제목",
          "nb": "Titler på lysbildefremvisninger",
          "nl": "Titels voor diashows",
          "pt-BR": "Títulos de apresentação de slides",
          "pt-PT": "Títulos de apresentação de diapositivos",
          "sv": "Bildspelstitlar",
          "th": "ชื่อสไลด์โชว์",
          "zh-CN": "幻灯片标题",
          "zh-TW": "投影片標題"
        }
      },
      {
        "type": "color",
        "id": "color_hero_text",
        "label": {
          "da": "Tekst",
          "de": "Text",
          "en": "Text",
          "es": "Texto",
          "fi": "Teksti",
          "fr": "Texte",
          "hi": "टेक्स्ट",
          "it": "Testo",
          "ja": "テキスト",
          "ko": "텍스트",
          "nb": "Tekst",
          "nl": "Tekst",
          "pt-BR": "Texto",
          "pt-PT": "Texto",
          "sv": "Text",
          "th": "ข้อความ",
          "zh-CN": "文本",
          "zh-TW": "文字"
        },
        "default": "#fff"
      },
      {
        "type": "color",
        "id": "color_hero_bg",
        "label": {
          "da": "Baggrund for tekst",
          "de": "Texthintergrund",
          "en": "Text background",
          "es": "Fondo de texto",
          "fi": "Tausta",
          "fr": "Arrière-plan du texte",
          "hi": "टेक्स्ट की पृष्ठभूमि",
          "it": "Sfondo testo",
          "ja": "テキスト背景",
          "ko": "텍스트 배경",
          "nb": "Bakgrunn for tekst",
          "nl": "Tekst achtergrond",
          "pt-BR": "Fundo do texto",
          "pt-PT": "Fundo do texto",
          "sv": "Textbakgrund",
          "th": "พื้นหลังของข้อความ",
          "zh-CN": "文本背景",
          "zh-TW": "文字背景"
        },
        "default": "#006eff"
      }
    ]
  },
  {
    "name": {
      "da": "Typografi",
      "de": "Typografie",
      "en": "Typography",
      "es": "Tipografía",
      "fi": "Typografia",
      "fr": "Typographie",
      "hi": "Typography",
      "it": "Caratteri tipografici",
      "ja": "文字体裁",
      "ko": "입력 체계",
      "nb": "Typografi",
      "nl": "Typografie",
      "pt-BR": "Tipografia",
      "pt-PT": "Tipografia",
      "sv": "Typografi",
      "th": "ตัวพิมพ์",
      "zh-CN": "版式",
      "zh-TW": "印刷樣式"
    },
    "settings": [
      {
        "type": "header",
        "content": {
          "da": "Markeringstekst",
          "de": "Akzenttext",
          "en": "Accent text",
          "es": "Texto de acento",
          "fi": "Tekstin korostus",
          "fr": "Texte d'accent",
          "hi": "उच्चारण टेक्स्ट",
          "it": "Testo in risalto",
          "ja": "テキストにアクセントをつける",
          "ko": "강조 텍스트",
          "nb": "Aksenttekst",
          "nl": "Accenttekst",
          "pt-BR": "Texto de destaque",
          "pt-PT": "Texto de destaque",
          "sv": "Accenttext",
          "th": "เน้นข้อความ",
          "zh-CN": "强调文本",
          "zh-TW": "強調文字"
        }
      },
      {
        "type": "font_picker",
        "id": "type_accent_family",
        "label": {
          "da": "Skrifttype",
          "de": "Schriftart",
          "en": "Font",
          "es": "Fuente",
          "fi": "Fontti",
          "fr": "Police",
          "hi": "फ़ॉन्ट",
          "it": "Font",
          "ja": "フォント",
          "ko": "글꼴",
          "nb": "Skrifttype",
          "nl": "Lettertype",
          "pt-BR": "Fonte",
          "pt-PT": "Tipo de letra",
          "sv": "Typsnitt",
          "th": "แบบอักษร",
          "zh-CN": "字体",
          "zh-TW": "字型"
        },
        "default": "unica_one_n4"
      },
      {
        "type": "checkbox",
        "id": "type_accent_spacing",
        "label": {
          "da": "Lav afstand mellem bogstaver",
          "de": "Leerzeichen",
          "en": "Space letters",
          "es": "Espaciar letras",
          "fi": "Muuta kirjainten väliä",
          "fr": "Espacer les lettres",
          "hi": "स्पेस लेटर",
          "it": "Distanzia lettere",
          "ja": "文字の隙間を入れる",
          "ko": "자간",
          "nb": "Plass mellom bokstaver",
          "nl": "Spatie letters",
          "pt-BR": "Espaçar letras",
          "pt-PT": "Espaçar letras",
          "sv": "Mellanslag",
          "th": "ตัวเว้นช่องว่าง",
          "zh-CN": "隔开字母",
          "zh-TW": "在字母間空格"
        },
        "default": true
      },
      {
        "type": "checkbox",
        "id": "type_accent_transform",
        "label": {
          "da": "Gør bogstaver store",
          "de": "Großschreibung für Buchstaben",
          "en": "Capitalize letters",
          "es": "Poner letras en mayúsculas",
          "fi": "Isot kirjaimet",
          "fr": "Mettre les lettres en majuscules",
          "hi": "अक्षरों को कैपिटलाइज़ करें",
          "it": "Lettere maiuscole",
          "ja": "文字を大文字にする",
          "ko": "대문자로 하기",
          "nb": "Gjøre bokstavene store",
          "nl": "Hoofdletters gebruiken",
          "pt-BR": "Letras maiúsculas",
          "pt-PT": "Colocar letras em maiúsculas",
          "sv": "Versala bokstäver",
          "th": "ทำให้ตัวอักษรเป็นพิมพ์ใหญ่",
          "zh-CN": "字母大写",
          "zh-TW": "將字母大寫"
        },
        "default": true
      },
      {
        "type": "header",
        "content": {
          "da": "Brødtekst",
          "de": "Fließtext",
          "en": "Body text",
          "es": "Texto del cuerpo",
          "fi": "Leipäteksti",
          "fr": "Corps du texte",
          "hi": "मुख्य भाग",
          "it": "Corpo del testo",
          "ja": "本文",
          "ko": "본문 텍스트",
          "nb": "Brødtekst",
          "nl": "Hoofdtekst",
          "pt-BR": "Corpo do texto",
          "pt-PT": "Corpo de texto",
          "sv": "Brödtext",
          "th": "ข้อความเนื้อหา",
          "zh-CN": "正文文本",
          "zh-TW": "內文"
        }
      },
      {
        "type": "font_picker",
        "id": "type_base_family",
        "label": {
          "da": "Skrifttype",
          "de": "Schriftart",
          "en": "Font",
          "es": "Fuente",
          "fi": "Fontti",
          "fr": "Police",
          "hi": "फ़ॉन्ट",
          "it": "Font",
          "ja": "フォント",
          "ko": "폰트",
          "nb": "Skrifttype",
          "nl": "Lettertype",
          "pt-BR": "Fonte",
          "pt-PT": "Tipo de letra",
          "sv": "Typsnitt",
          "th": "แบบอักษร",
          "zh-CN": "字体",
          "zh-TW": "字型"
        },
        "default": "karla_n4"
      },
      {
        "type": "select",
        "id": "type_base_size",
        "label": {
          "da": "Størrelse",
          "de": "Größe",
          "en": "Size",
          "es": "Tamaño",
          "fi": "Koko",
          "fr": "Taille",
          "hi": "आकार",
          "it": "Misura",
          "ja": "サイズ",
          "ko": "사이즈",
          "nb": "Størrelse",
          "nl": "Grootte",
          "pt-BR": "Tamanho",
          "pt-PT": "Tamanho",
          "sv": "Storlek",
          "th": "ขนาด",
          "zh-CN": "大小",
          "zh-TW": "尺寸"
        },
        "options": [
          {
            "value": "14px",
            "label": {
              "da": "14 px",
              "de": "14px",
              "en": "14px",
              "es": "14px",
              "fi": "14 pikseliä",
              "fr": "14 px",
              "hi": "14 पिक्सेल",
              "it": "14 px",
              "ja": "14ピクセル",
              "ko": "14픽셀",
              "nb": "14px",
              "nl": "14px",
              "pt-BR": "14px",
              "pt-PT": "14 px",
              "sv": "14 px",
              "th": "14 พิกเซล",
              "zh-CN": "14 px",
              "zh-TW": "14px"
            }
          },
          {
            "value": "15px",
            "label": {
              "da": "15 px",
              "de": "15px",
              "en": "15px",
              "es": "15px",
              "fi": "15 pikseliä",
              "fr": "15 px",
              "hi": "15 पिक्सेल",
              "it": "15 px",
              "ja": "15ピクセル",
              "ko": "15픽셀",
              "nb": "15px",
              "nl": "15px",
              "pt-BR": "15px",
              "pt-PT": "15 px",
              "sv": "15 px",
              "th": "15 พิกเซล",
              "zh-CN": "15 px",
              "zh-TW": "15px"
            }
          },
          {
            "value": "16px",
            "label": {
              "da": "16 px",
              "de": "16px",
              "en": "16px",
              "es": "16px",
              "fi": "16 pikseliä",
              "fr": "16 px",
              "hi": "16 पिक्सेल",
              "it": "16 px",
              "ja": "16ピクセル",
              "ko": "16픽셀",
              "nb": "16px",
              "nl": "16px",
              "pt-BR": "16px",
              "pt-PT": "16 px",
              "sv": "16 px",
              "th": "16 พิกเซล",
              "zh-CN": "16 px",
              "zh-TW": "16px"
            }
          },
          {
            "value": "17px",
            "label": {
              "da": "17 px",
              "de": "17px",
              "en": "17px",
              "es": "17px",
              "fi": "17 pikseliä",
              "fr": "17 px",
              "hi": "17 पिक्सेल",
              "it": "17 px",
              "ja": "17ピクセル",
              "ko": "17픽셀",
              "nb": "17px",
              "nl": "17px",
              "pt-BR": "17px",
              "pt-PT": "17 px",
              "sv": "17 px",
              "th": "17 พิกเซล",
              "zh-CN": "17 px",
              "zh-TW": "17px"
            }
          }
        ]
      },
      {
        "type": "header",
        "content": {
          "da": "Navigation og knapper",
          "de": "Navigations- und Schaltflächen",
          "en": "Navigation and buttons",
          "es": "Navegación y botones",
          "fi": "Navigointi ja painikkeet",
          "fr": "Navigation et boutons",
          "hi": "नेविगेशन और बटन",
          "it": "Navigazione e pulsanti",
          "ja": "ナビゲーションとボタン",
          "ko": "탐색 및 버튼",
          "nb": "Navigasjon og knapper",
          "nl": "Navigatie en knoppen",
          "pt-BR": "Navegação e botões",
          "pt-PT": "Navegação e botões",
          "sv": "Navigering och knappar",
          "th": "การนำทางและปุ่ม",
          "zh-CN": "网站地图和按钮",
          "zh-TW": "導覽與按鈕"
        }
      },
      {
        "type": "select",
        "id": "type_nav_size",
        "label": {
          "da": "Størrelse",
          "de": "Größe",
          "en": "Size",
          "es": "Tamaño",
          "fi": "Koko",
          "fr": "Taille",
          "hi": "आकार",
          "it": "Misura",
          "ja": "サイズ",
          "ko": "사이즈",
          "nb": "Størrelse",
          "nl": "Grootte",
          "pt-BR": "Tamanho",
          "pt-PT": "Tamanho",
          "sv": "Storlek",
          "th": "ขนาด",
          "zh-CN": "大小",
          "zh-TW": "尺寸"
        },
        "options": [
          {
            "value": "14px",
            "label": {
              "da": "14 px",
              "de": "14px",
              "en": "14px",
              "es": "14px",
              "fi": "14 pikseliä",
              "fr": "14 px",
              "hi": "14 पिक्सेल",
              "it": "14 px",
              "ja": "14ピクセル",
              "ko": "14픽셀",
              "nb": "14px",
              "nl": "14px",
              "pt-BR": "14px",
              "pt-PT": "14 px",
              "sv": "14 px",
              "th": "14 พิกเซล",
              "zh-CN": "14 px",
              "zh-TW": "14px"
            }
          },
          {
            "value": "15px",
            "label": {
              "da": "15 px",
              "de": "15px",
              "en": "15px",
              "es": "15px",
              "fi": "15 pikseliä",
              "fr": "15 px",
              "hi": "15 पिक्सेल",
              "it": "15 px",
              "ja": "15ピクセル",
              "ko": "15픽셀",
              "nb": "15px",
              "nl": "15px",
              "pt-BR": "15px",
              "pt-PT": "15 px",
              "sv": "15 px",
              "th": "15 พิกเซล",
              "zh-CN": "15 px",
              "zh-TW": "15px"
            }
          },
          {
            "value": "16px",
            "label": {
              "da": "16 px",
              "de": "16px",
              "en": "16px",
              "es": "16px",
              "fi": "16 pikseliä",
              "fr": "16 px",
              "hi": "16 पिक्सेल",
              "it": "16 px",
              "ja": "16ピクセル",
              "ko": "16픽셀",
              "nb": "16px",
              "nl": "16px",
              "pt-BR": "16px",
              "pt-PT": "16 px",
              "sv": "16 px",
              "th": "16 พิกเซล",
              "zh-CN": "16 px",
              "zh-TW": "16px"
            }
          },
          {
            "value": "17px",
            "label": {
              "da": "17 px",
              "de": "17px",
              "en": "17px",
              "es": "17px",
              "fi": "17 pikseliä",
              "fr": "17 px",
              "hi": "17 पिक्सेल",
              "it": "17 px",
              "ja": "17ピクセル",
              "ko": "17픽셀",
              "nb": "17px",
              "nl": "17px",
              "pt-BR": "17px",
              "pt-PT": "17 px",
              "sv": "17 px",
              "th": "17 พิกเซล",
              "zh-CN": "17 px",
              "zh-TW": "17px"
            }
          }
        ]
      },
      {
        "type": "checkbox",
        "id": "type_nav_spacing",
        "label": {
          "da": "Lav afstand mellem bogstaver",
          "de": "Leerzeichen",
          "en": "Space letters",
          "es": "Espaciar letras",
          "fi": "Muuta kirjainten väliä",
          "fr": "Espacer les lettres",
          "hi": "स्पेस लेटर",
          "it": "Distanzia lettere",
          "ja": "文字の隙間を入れる",
          "ko": "자간",
          "nb": "Plass mellom bokstaver",
          "nl": "Spatie letters",
          "pt-BR": "Espaçar letras",
          "pt-PT": "Espaçar letras",
          "sv": "Mellanslag",
          "th": "ตัวเว้นช่องว่าง",
          "zh-CN": "隔开字母",
          "zh-TW": "在字母間空格"
        },
        "default": true
      },
      {
        "type": "checkbox",
        "id": "type_nav_transform",
        "label": {
          "da": "Gør bogstav stort",
          "de": "Großschreibung für Buchstabe",
          "en": "Capitalize letter",
          "es": "Poner letra en mayúscula",
          "fi": "Isot kirjaimet",
          "fr": "Mettre la lettre en majuscules",
          "hi": "अक्षरों को कैपिटलाइज़ करें",
          "it": "Lettere maiuscole",
          "ja": "文字を大文字にする",
          "ko": "대문자로 하기",
          "nb": "Gjøre bokstaven stor",
          "nl": "Hoofdletters gebruiken",
          "pt-BR": "Letra maiúscula",
          "pt-PT": "Letra maiúscula",
          "sv": "Gör brevtexten stor",
          "th": "ทำให้ตัวอักษรเป็นพิมพ์ใหญ่",
          "zh-CN": "字母大写",
          "zh-TW": "將字母大寫"
        },
        "default": true
      }
    ]
  },
  {
    "name": {
      "da": "Kollektionsside",
      "de": "Kategorieseite",
      "en": "Collection page",
      "es": "Página de colecciones",
      "fi": "Kokoelmasivu",
      "fr": "Page de collection",
      "hi": "कलेक्शन पेज",
      "it": "Pagina di collezione",
      "ja": "コレクションページ",
      "ko": "컬렉션 페이지",
      "nb": "Samlingside",
      "nl": "Collectiepagina",
      "pt-BR": "Página Coleção",
      "pt-PT": "Página de coleção",
      "sv": "Produktseriesida",
      "th": "หน้าคอลเลกชัน",
      "zh-CN": "产品系列页面",
      "zh-TW": "商品系列頁面"
    },
    "settings": [
      {
        "type": "checkbox",
        "id": "product_images_padding",
        "label": {
          "da": "Vis ramme omkring billeder",
          "de": "Rahmen um Bilder anzeigen",
          "en": "Show frame around images",
          "es": "Mostrar marco alrededor de las imágenes",
          "fi": "Näytä kehykset kuvien ympärillä",
          "fr": "Afficher le cadre autour des images",
          "hi": "इमेज के चारों ओर फ्रेम दिखाएं",
          "it": "Mostra cornice attorno alle immagini",
          "ja": "画像の周りにフレームを表示する",
          "ko": "이미지 주변에 프레임 표시",
          "nb": "Vis ramme rundt bilder",
          "nl": "Laat kader rond afbeeldingen zien",
          "pt-BR": "Exibir moldura em torno das imagens",
          "pt-PT": "Mostrar moldura em torno das imagens",
          "sv": "Visa ram runt bilder",
          "th": "แสดงกรอบรอบรูปภาพ",
          "zh-CN": "在图片周围显示框架",
          "zh-TW": "顯示圖片周圍邊框"
        },
        "default": true
      },
      {
        "type": "checkbox",
        "id": "product_vendor_enable",
        "label": {
          "da": "Vis produktleverandør",
          "de": "Produktverkäufer anzeigen",
          "en": "Show product vendor",
          "es": "Mostrar proveedor del producto",
          "fi": "Näytä tuotteen myyjä",
          "fr": "Afficher le distributeur du produit",
          "hi": "उत्पाद विक्रेता दिखाएं",
          "it": "Mostra fornitore prodotto",
          "ja": "商品の販売元を表示する",
          "ko": "제품 공급 업체 표시",
          "nb": "Vis produktleverandør",
          "nl": "Productleverancier weergeven",
          "pt-BR": "Exiba o fornecedor do produto",
          "pt-PT": "Mostrar o fornecedor do produto",
          "sv": "Visa produktsäljare",
          "th": "แสดงผู้ขายสินค้า",
          "zh-CN": "显示产品厂商",
          "zh-TW": "顯示產品廠商"
        }
      }
    ]
  },
  {
    "name": {
      "da": "Sociale medier",
      "de": "Social Media",
      "en": "Social media",
      "es": "Redes sociales",
      "fi": "Sosiaalinen media",
      "fr": "Médias sociaux",
      "hi": "सोशल मीडिया",
      "it": "Social media",
      "ja": "ソーシャルメディア",
      "ko": "소셜 미디어",
      "nb": "Sosiale medier",
      "nl": "Social media",
      "pt-BR": "Redes sociais",
      "pt-PT": "Redes sociais",
      "sv": "Sociala medier",
      "th": "โซเชียลมีเดีย",
      "zh-CN": "社交媒体",
      "zh-TW": "社交媒體"
    },
    "settings": [
      {
        "type": "header",
        "content": {
          "da": "Billede til deling på sociale medier",
          "de": "Social-Sharing-Bild",
          "en": "Social sharing image",
          "es": "Imagen de redes sociales",
          "fi": "Sosiaalisen median jakamiskuva",
          "fr": "Image de partage social",
          "hi": "सोशल शेयरिंग इमेज",
          "it": "Immagine per condivisione social",
          "ja": "SNSでシェアする画像",
          "ko": "소셜 공유 이미지",
          "nb": "Bilde for deling på sosiale medier",
          "nl": "Afbeelding voor delen via social media.",
          "pt-BR": "Imagem de compartilhamento em redes sociais",
          "pt-PT": "Imagem de partilha nas redes sociais",
          "sv": "Bild för social delning",
          "th": "รูปภาพสำหรับแชร์ลงโซเชียล",
          "zh-CN": "社交分享图片",
          "zh-TW": "社群分享圖示"
        }
      },
      {
        "type": "image_picker",
        "id": "share_image",
        "label": {
          "da": "Billede",
          "de": "Foto",
          "en": "Image",
          "es": "Imagen",
          "fi": "Kuva",
          "fr": "Image",
          "hi": "इमेज",
          "it": "Immagine",
          "ja": "画像",
          "ko": "이미지",
          "nb": "Bilde",
          "nl": "Afbeelding",
          "pt-BR": "Imagem",
          "pt-PT": "Imagem",
          "sv": "Bild",
          "th": "รูปภาพ",
          "zh-CN": "图片",
          "zh-TW": "圖片"
        },
        "info": {
          "da": "Vis ved deling af link på sociale medier. [Få mere at vide](https://help.shopify.com/manual/using-themes/troubleshooting/showing-social-media-thumbnail-images/) om miniminiaturebilleder.",
          "de": "Wird angezeigt, wenn ein Link in den sozialen Medien geteilt wird. [Mehr Infos](https://help.shopify.com/manual/using-themes/troubleshooting/showing-social-media-thumbnail-images/) über Bild-Miniaturansichten.",
          "en": "Shown when sharing a link on social media. [Learn more](https://help.shopify.com/manual/using-themes/troubleshooting/showing-social-media-thumbnail-images/) about image thumbnails.",
          "es": "Aparece cuando se comparte un enlace en una red social. [Más información](https://help.shopify.com/manual/using-themes/troubleshooting/showing-social-media-thumbnail-images/) acerca de las miniaturas",
          "fi": "Näkyy, kun jaat linkin sosiaaliseen mediaan. [Lisätietoja](https://help.shopify.com/manual/using-themes/troubleshooting/showing-social-media-thumbnail-images/) tietoa pikkukuvista.",
          "fr": "Affichée lorsqu'un lien est partagé sur les réseaux sociaux. [En savoir plus](https://help.shopify.com/manual/using-themes/troubleshooting/showing-social-media-thumbnail-images/) à propos des images miniatures.",
          "hi": "सोशल मीडिया पर लिंक शेयर करते समय दिखाना. [अधिक जानें](https://help.shopify.com/manual/using-themes/troubleshooting/showing-social-media-thumbnail-images/) इमेज थंबनेल के बारे",
          "it": "Mostrata quando si condivide un link sui social media. [Maggiori informazioni](https://help.shopify.com/manual/using-themes/troubleshooting/showing-social-media-thumbnail-images/) sulle immagini di anteprima.",
          "ja": "SNSでリンクがシェアされると表示されます。[詳細情報](https://help.shopify.com/manual/using-themes/troubleshooting/showing-social-media-thumbnail-images/)画像のサムネイルについては、上のリンクを参照してください。",
          "ko": "소셜 미디어에서 링크 공유 시 표시 [자세히 보기](https://help.shopify.com/manual/using-themes/troubleshooting/showing-social-media-thumbnail-images/) 이미지 썸네일에 대해",
          "nb": "Vist når en kobling deles i sosiale medier. [Finn ut mer](https://help.shopify.com/manual/using-themes/troubleshooting/showing-social-media-thumbnail-images/) om miniatyrbilder.",
          "nl": "Wordt weergegeven wanneer u een link deelt via social media. [Meer informatie](https://help.shopify.com/manual/using-themes/troubleshooting/showing-social-media-thumbnail-images/) over miniatuurafbeeldingen.",
          "pt-BR": "Apresentada ao compartilhar um link nas redes sociais. [Saiba mais](https://help.shopify.com/manual/using-themes/troubleshooting/showing-social-media-thumbnail-images/) sobre miniaturas de imagens.",
          "pt-PT": "Apresentada ao partilhar uma ligação nas redes sociais. [Saiba mais](https://help.shopify.com/manual/using-themes/troubleshooting/showing-social-media-thumbnail-images/) sobre miniaturas de imagem.",
          "sv": "Visas när du delar en länk på sociala medier. [Läs mer](https://help.shopify.com/manual/using-themes/troubleshooting/showing-social-media-thumbnail-images/) om miniatyrbilder.",
          "th": "แสดงเมื่อแชร์ลิงก์บนโซเชียลมีเดีย [ดูข้อมูลเพิ่มเติม](https://help.shopify.com/manual/using-themes/troubleshooting/showing-social-media-thumbnail-images/) เกี่ยวกับรูปภาพขนาดย่อ",
          "zh-CN": "在社交媒体上分享链接时显示。[了解有关图片缩略图的详细信息](https://help.shopify.com/manual/using-themes/troubleshooting/showing-social-media-thumbnail-images/)。",
          "zh-TW": "在社群媒體上分享連結時顯示。[深入瞭解](https://help.shopify.com/manual/using-themes/troubleshooting/showing-social-media-thumbnail-images/)圖片縮圖的相關資訊。"
        }
      },
      {
        "type": "header",
        "content": {
          "da": "Konti",
          "de": "Konten",
          "en": "Accounts",
          "es": "cuentas",
          "fi": "Tilit",
          "fr": "Comptes",
          "hi": "खाते",
          "it": "Account",
          "ja": "アカウント",
          "ko": "계정",
          "nb": "Kontoer",
          "nl": "Accounts",
          "pt-BR": "Contas",
          "pt-PT": "Contas",
          "sv": "Konton",
          "th": "บัญชี",
          "zh-CN": "帐户",
          "zh-TW": "帳戶"
        }
      },
      {
        "type": "text",
        "id": "social_facebook_link",
        "label": {
          "da": "Facebook",
          "de": "Facebook",
          "en": "Facebook",
          "es": "Facebook",
          "fi": "Facebook",
          "fr": "Facebook",
          "hi": "Facebook",
          "it": "Facebook",
          "ja": "Facebook",
          "ko": "Facebook",
          "nb": "Facebook",
          "nl": "Facebook",
          "pt-BR": "Facebook",
          "pt-PT": "Facebook",
          "sv": "Facebook",
          "th": "Facebook",
          "zh-CN": "Facebook",
          "zh-TW": "Facebook"
        },
        "info": {
          "da": "https://www.facebook.com/shopify",
          "de": "https://www.facebook.com/shopify",
          "en": "https://www.facebook.com/shopify",
          "es": "https://www.facebook.com/shopify",
          "fi": "https://www.facebook.com/shopify",
          "fr": "https://www.facebook.com/shopify",
          "hi": "https://www.facebook.com/shopify",
          "it": "https://www.facebook.com/shopify",
          "ja": "https://www.facebook.com/shopify",
          "ko": "https://www.facebook.com/shopify",
          "nb": "https://www.facebook.com/shopify",
          "nl": "https://www.facebook.com/shopify",
          "pt-BR": "https://www.facebook.com/shopify",
          "pt-PT": "https://www.facebook.com/shopify",
          "sv": "https://www.facebook.com/shopify",
          "th": "https://www.facebook.com/shopify",
          "zh-CN": "https://www.facebook.com/shopify",
          "zh-TW": "https://www.facebook.com/shopify"
        }
      },
      {
        "type": "text",
        "id": "social_twitter_link",
        "label": {
          "da": "Twitter",
          "de": "Twitter",
          "en": "Twitter",
          "es": "Twitter",
          "fi": "Twitter",
          "fr": "Twitter",
          "hi": "Twitter",
          "it": "Twitter",
          "ja": "Twitter",
          "ko": "Twitter",
          "nb": "Twitter",
          "nl": "Twitter",
          "pt-BR": "Twitter",
          "pt-PT": "Twitter",
          "sv": "Twitter",
          "th": "Twitter",
          "zh-CN": "Twitter",
          "zh-TW": "Twitter"
        },
        "info": {
          "da": "https://twitter.com/shopify",
          "de": "https://twitter.com/shopify",
          "en": "https://twitter.com/shopify",
          "es": "https://twitter.com/shopify",
          "fi": "https://twitter.com/shopify",
          "fr": "https://twitter.com/shopify",
          "hi": "https://twitter.com/shopify",
          "it": "https://twitter.com/shopify",
          "ja": "https://twitter.com/shopify",
          "ko": "https://twitter.com/shopify",
          "nb": "https://twitter.com/shopify",
          "nl": "https://twitter.com/shopify",
          "pt-BR": "https://twitter.com/shopify",
          "pt-PT": "https://twitter.com/shopify",
          "sv": "https://twitter.com/shopify",
          "th": "https://twitter.com/shopify",
          "zh-CN": "https://twitter.com/shopify",
          "zh-TW": "https://twitter.com/shopify"
        }
      },
      {
        "type": "text",
        "id": "social_pinterest_link",
        "label": {
          "da": "Pinterest",
          "de": "Pinterest",
          "en": "Pinterest",
          "es": "Pinterest",
          "fi": "Pinterest",
          "fr": "Pinterest",
          "hi": "Pinterest",
          "it": "Pinterest",
          "ja": "Pinterest",
          "ko": "Pinterest",
          "nb": "Pinterest",
          "nl": "Pinterest",
          "pt-BR": "Pinterest",
          "pt-PT": "Pinterest",
          "sv": "Pinterest",
          "th": "Pinterest",
          "zh-CN": "Pinterest",
          "zh-TW": "Pinterest"
        },
        "info": {
          "da": "https://www.pinterest.com/shopify",
          "de": "https://www.pinterest.com/shopify",
          "en": "https://www.pinterest.com/shopify",
          "es": "https://www.pinterest.com/shopify",
          "fi": "https://www.pinterest.com/shopify",
          "fr": "https://www.pinterest.com/shopify",
          "hi": "https://www.pinterest.com/shopify",
          "it": "https://www.pinterest.com/shopify",
          "ja": "https://www.pinterest.com/shopify",
          "ko": "https://www.pinterest.com/shopify",
          "nb": "https://www.pinterest.com/shopify",
          "nl": "https://www.pinterest.com/shopify",
          "pt-BR": "https://www.pinterest.com/shopify",
          "pt-PT": "https://www.pinterest.com/shopify",
          "sv": "https://www.pinterest.com/shopify",
          "th": "https://www.pinterest.com/shopify",
          "zh-CN": "https://www.pinterest.com/shopify",
          "zh-TW": "https://www.pinterest.com/shopify"
        }
      },
      {
        "type": "text",
        "id": "social_instagram_link",
        "label": {
          "da": "Instagram",
          "de": "Instagram",
          "en": "Instagram",
          "es": "Instagram",
          "fi": "Instagram",
          "fr": "Instagram",
          "hi": "Instagram",
          "it": "Instagram",
          "ja": "Instagram",
          "ko": "Instagram",
          "nb": "Instagram",
          "nl": "Instagram",
          "pt-BR": "Instagram",
          "pt-PT": "Instagram",
          "sv": "Instagram",
          "th": "Instagram",
          "zh-CN": "Instagram",
          "zh-TW": "Instagram"
        },
        "info": {
          "da": "https://instagram.com/shopify",
          "de": "https://instagram.com/shopify",
          "en": "https://instagram.com/shopify",
          "es": "https://instagram.com/shopify",
          "fi": "https://instagram.com/shopify",
          "fr": "https://instagram.com/shopify",
          "hi": "https://instagram.com/shopify",
          "it": "https://instagram.com/shopify",
          "ja": "https://instagram.com/shopify",
          "ko": "https://instagram.com/shopify",
          "nb": "https://instagram.com/shopify",
          "nl": "https://instagram.com/shopify",
          "pt-BR": "https://instagram.com/shopify",
          "pt-PT": "https://instagram.com/shopify",
          "sv": "https://instagram.com/shopify",
          "th": "https://instagram.com/shopify",
          "zh-CN": "https://instagram.com/shopify",
          "zh-TW": "https://instagram.com/shopify"
        }
      },
      {
        "type": "text",
        "id": "social_tumblr_link",
        "label": {
          "da": "Tumblr",
          "de": "Tumblr",
          "en": "Tumblr",
          "es": "Tumblr",
          "fi": "Tumblr",
          "fr": "Tumblr",
          "hi": "Tumblr",
          "it": "Tumblr",
          "ja": "Tumblr",
          "ko": "Tumblr",
          "nb": "Tumblr",
          "nl": "Tumblr",
          "pt-BR": "Tumblr",
          "pt-PT": "Tumblr",
          "sv": "Tumblr",
          "th": "Tumblr",
          "zh-CN": "Tumblr",
          "zh-TW": "Tumblr"
        },
        "info": {
          "da": "http://shopify.tumblr.com",
          "de": "http://shopify.tumblr.com",
          "en": "http://shopify.tumblr.com",
          "es": "http://shopify.tumblr.com",
          "fi": "http://shopify.tumblr.com",
          "fr": "http://shopify.tumblr.com",
          "hi": "http://shopify.tumblr.com",
          "it": "http://shopify.tumblr.com",
          "ja": "http://shopify.tumblr.com",
          "ko": "http://shopify.tumblr.com",
          "nb": "http://shopify.tumblr.com",
          "nl": "http://shopify.tumblr.com",
          "pt-BR": "http://shopify.tumblr.com",
          "pt-PT": "http://shopify.tumblr.com",
          "sv": "http://shopify.tumblr.com",
          "th": "http://shopify.tumblr.com",
          "zh-CN": "http://shopify.tumblr.com",
          "zh-TW": "http://shopify.tumblr.com"
        }
      },
      {
        "type": "text",
        "id": "social_snapchat_link",
        "label": {
          "da": "Snapchat",
          "de": "Snapchat",
          "en": "Snapchat",
          "es": "Snapchat",
          "fi": "Snapchat",
          "fr": "Snapchat",
          "hi": "Snapchat",
          "it": "Snapchat",
          "ja": "Snapchat",
          "ko": "Snapchat",
          "nb": "Snapchat",
          "nl": "Snapchat",
          "pt-BR": "Snapchat",
          "pt-PT": "Snapchat",
          "sv": "Snapchat",
          "th": "Snapchat",
          "zh-CN": "Snapchat",
          "zh-TW": "Snapchat"
        },
        "info": {
          "da": "https://www.snapchat.com/add/shopify",
          "de": "https://www.snapchat.com/add/shopify",
          "en": "https://www.snapchat.com/add/shopify",
          "es": "https://www.snapchat.com/add/shopify",
          "fi": "https://www.snapchat.com/add/shopify",
          "fr": "https://www.snapchat.com/add/shopify",
          "hi": "https://www.snapchat.com/add/shopify",
          "it": "https://www.snapchat.com/add/shopify",
          "ja": "https://www.snapchat.com/add/shopify",
          "ko": "https://www.snapchat.com/add/shopify",
          "nb": "https://snapchat.com/add/shopify",
          "nl": "https://www.snapchat.com/add/shopify",
          "pt-BR": "https://www.snapchat.com/add/shopify",
          "pt-PT": "https://www.snapchat.com/add/shopify",
          "sv": "https://www.snapchat.com/add/shopify",
          "th": "https://www.snapchat.com/add/shopify",
          "zh-CN": "https://www.snapchat.com/add/shopify",
          "zh-TW": "https://www.snapchat.com/add/shopify"
        }
      },
      {
        "type": "text",
        "id": "social_youtube_link",
        "label": {
          "da": "YouTube",
          "de": "Youtube",
          "en": "YouTube",
          "es": "Youtube",
          "fi": "YouTube",
          "fr": "YouTube",
          "hi": "YouTube",
          "it": "YouTube",
          "ja": "YouTube",
          "ko": "YouTube",
          "nb": "YouTube",
          "nl": "YouTube",
          "pt-BR": "YouTube",
          "pt-PT": "YouTube",
          "sv": "YouTube",
          "th": "YouTube",
          "zh-CN": "YouTube",
          "zh-TW": "YouTube"
        },
        "info": {
          "da": "https://www.youtube.com/user/shopify",
          "de": "https://www.youtube.com/user/shopify",
          "en": "https://www.youtube.com/user/shopify",
          "es": "https://www.youtube.com/user/shopify",
          "fi": "https://www.youtube.com/user/shopify",
          "fr": "https://www.youtube.com/user/shopify",
          "hi": "https://www.youtube.com/user/shopify",
          "it": "https://www.youtube.com/user/shopify",
          "ja": "https://www.youtube.com/user/shopify",
          "ko": "https://www.youtube.com/user/shopify",
          "nb": "https://www.youtube.com/user/shopify",
          "nl": "https://www.youtube.com/user/shopify",
          "pt-BR": "https://www.youtube.com/user/shopify",
          "pt-PT": "https://www.youtube.com/user/shopify",
          "sv": "https://www.youtube.com/user/shopify",
          "th": "https://www.youtube.com/user/shopify",
          "zh-CN": "https://www.youtube.com/user/shopify",
          "zh-TW": "https://www.youtube.com/user/shopify"
        }
      },
      {
        "type": "text",
        "id": "social_vimeo_link",
        "label": {
          "da": "Vimeo",
          "de": "Vimeo",
          "en": "Vimeo",
          "es": "Vimeo",
          "fi": "Vimeo",
          "fr": "Vimeo",
          "hi": "Vimeo",
          "it": "Vimeo",
          "ja": "Vimeo",
          "ko": "Vimeo",
          "nb": "Vimeo",
          "nl": "Vimeo",
          "pt-BR": "Vimeo",
          "pt-PT": "Vimeo",
          "sv": "Vimeo",
          "th": "Vimeo",
          "zh-CN": "Vimeo",
          "zh-TW": "Vimeo"
        },
        "info": {
          "da": "https://vimeo.com/shopify",
          "de": "https://vimeo.com/shopify",
          "en": "https://vimeo.com/shopify",
          "es": "https://vimeo.com/shopify",
          "fi": "https://vimeo.com/shopify",
          "fr": "https://vimeo.com/shopify",
          "hi": "https://vimeo.com/shopify",
          "it": "https://vimeo.com/shopify",
          "ja": "https://vimeo.com/shopify",
          "ko": "https://vimeo.com/shopify",
          "nb": "https://vimeo.com/shopify",
          "nl": "https://vimeo.com/shopify",
          "pt-BR": "https://vimeo.com/shopify",
          "pt-PT": "https://vimeo.com/shopify",
          "sv": "https://vimeo.com/shopify",
          "th": "https://vimeo.com/shopify",
          "zh-CN": "https://vimeo.com/shopify",
          "zh-TW": "https://vimeo.com/shopify"
        }
      },
      {
        "type": "header",
        "content": {
          "da": "Deling",
          "de": "Teilen",
          "en": "Sharing",
          "es": "Compartir",
          "fi": "Jakaminen",
          "fr": "Partage",
          "hi": "शेयर करना",
          "it": "Condivisione",
          "ja": "シェアする",
          "ko": "공유",
          "nb": "Deling",
          "nl": "Delen",
          "pt-BR": "Compartilhamento",
          "pt-PT": "Partilha",
          "sv": "Delning",
          "th": "การแชร์",
          "zh-CN": "分享",
          "zh-TW": "分享"
        }
      },
      {
        "type": "checkbox",
        "id": "share_facebook",
        "label": {
          "da": "Del på Facebook",
          "de": "Auf Facebook teilen",
          "en": "Share on Facebook",
          "es": "Compartir en Facebook",
          "fi": "Jaa Facebookissa",
          "fr": "Partager sur Facebook",
          "hi": "Facebook पर साझा करें",
          "it": "Condividi su Facebook",
          "ja": "Facebookでシェアする",
          "ko": "Facebook에서 공유",
          "nb": "Del på Facebook",
          "nl": "Delen op Facebook",
          "pt-BR": "Compartilhar no Facebook",
          "pt-PT": "Partilhe no Facebook",
          "sv": "Dela på Facebook",
          "th": "แชร์บน Facebook",
          "zh-CN": "在 Facebook 上共享",
          "zh-TW": "分享至 Facebook"
        },
        "default": true
      },
      {
        "type": "checkbox",
        "id": "share_twitter",
        "label": {
          "da": "Tweet på Twitter",
          "de": "Auf Twitter twittern",
          "en": "Tweet on Twitter",
          "es": "Tuitear en Twitter",
          "fi": "Twiittaa Twitterissä",
          "fr": "Tweeter sur Twitter",
          "hi": "Twitter पर ट्वीट करें",
          "it": "Twitta su Twitter",
          "ja": "Twitterに投稿する",
          "ko": "Twitter에서 트윗 작성",
          "nb": "Tweet på Twitter",
          "nl": "Twitteren op Twitter",
          "pt-BR": "Tuitar",
          "pt-PT": "Twittar no Twitter",
          "sv": "Twittra på Twitter",
          "th": "ทวีตบน Twitter",
          "zh-CN": "在 Twitter 上发推文",
          "zh-TW": "在 Twitter 上發佈推文"
        },
        "default": true
      },
      {
        "type": "checkbox",
        "id": "share_pinterest",
        "label": {
          "da": "Pin på Pinterest",
          "de": "Auf Pinterest pinnen",
          "en": "Pin on Pinterest",
          "es": "Pinear en Pinterest",
          "fi": "Pinnaa Pinterestissä",
          "fr": "Épingler sur Pinterest",
          "hi": "Pinterest पर पिन करें",
          "it": "Pinna su Pinterest",
          "ja": "Pinterestでピンする",
          "ko": "Pinterest에 고정하기",
          "nb": "Pin på Pinterest",
          "nl": "Pinnen op Pinterest",
          "pt-BR": "Pin no Pinterest",
          "pt-PT": "Adicione no Pinterest",
          "sv": "Spara en pin på Pinterest",
          "th": "ปักหมุดบน Pinterest",
          "zh-CN": "固定在 Pinterest 上",
          "zh-TW": "加入 Pinterest"
        },
        "default": true
      }
    ]
  },
  {
    "name": {
      "da": "Favicon",
      "de": "Favicon",
      "en": "Favicon",
      "es": "Favicon",
      "fi": "Favicon",
      "fr": "Favicon",
      "hi": "Favicon",
      "it": "Favicon",
      "ja": "ファビコン",
      "ko": "Favicon",
      "nb": "Favicon",
      "nl": "Favicon",
      "pt-BR": "Favicon",
      "pt-PT": "Favicon",
      "sv": "Favicon",
      "th": "Favicon",
      "zh-CN": "网站图标",
      "zh-TW": "Favicon"
    },
    "settings": [
      {
        "type": "image_picker",
        "id": "favicon",
        "label": {
          "da": "Favicon-billede",
          "de": "Favicon-Bild",
          "en": "Favicon image",
          "es": "Imagen de favicon",
          "fi": "Favicon-kuva",
          "fr": "Image favicon",
          "hi": "favicon इमेज",
          "it": "Immagine favicon",
          "ja": "ファビコン画像",
          "ko": "파비콘 이미지",
          "nb": "Favicon-bilde",
          "nl": "Favicon-afbeelding",
          "pt-BR": "Imagem favicon",
          "pt-PT": "Imagem Favicon",
          "sv": "Favicon-bild",
          "th": "รูปภาพ Favicon",
          "zh-CN": "网站图标图片",
          "zh-TW": "Favicon 圖片"
        },
        "info": {
          "da": "Skaleres ned til 32 x 32 px",
          "de": "Wird auf 32 x 32 Pixel verkleinert",
          "en": "Will be scaled down to 32 x 32px",
          "es": "Se reducirá a 32 x 32px",
          "fi": "Skaalataan 32 x 32 pikseliin",
          "fr": "Sera réduite à 32 x 32 px",
          "hi": "32 x 32 पिक्सेल के आकार का कर दिया जाएगा",
          "it": "Verrà ridimensionata a 32 x 32 pixel.",
          "ja": "32×32ピクセルに縮小されます。",
          "ko": "32x32 픽셀로 축소됩니다.",
          "nb": "Vil skaleres ned til 32 x 32 px",
          "nl": "Wordt verkleind tot 32x32 pixels",
          "pt-BR": "Será reduzida para 32 x 32 pixels",
          "pt-PT": "Será reduzida para 32 x 32 px",
          "sv": "Kommer skalas ned till 32 x 32 px",
          "th": "จะถูกลดขนาดลงเป็น 32 x 32 พิกเซล",
          "zh-CN": "将缩小到 32 x 32px",
          "zh-TW": "將會縮小為 32 x 32 像素"
        }
      }
    ]
  }
]